Player,team_x,games_played,player_efficiency_rating,true_shooting_percentage,three_point_attempt_rate,free_throw_attempt_rate,offensive_rebound_percentage,defensive_rebound_percentage,total_rebound_percentage,assist_percentage,steal_percentage,block_percentage,turnover_percentage,usage_percentage,offensive_win_shares,defensive_win_shares,win_shares,win_shares_per_48_minutes,offensive_box_plus_minus,defensive_box_plus_minus,box_plus_minus,current_vorp,Tm,value_over_replacement_player,team_y,W,W/L%,seed,team_games_played,3P%
Ochai Agbaji,Toronto Raptors,5,15.6,0.664,0.35,0.25,8.2,13.1,10.6,7.1,2.0,2.5,13.6,14.8,0.2,0.0,0.3,0.09,0.7,-0.9,-0.2,0.1,TOR,1.6400000000000001,Toronto Raptors,1.0,0.2,13.5,5.0,0
Santi Aldama,Memphis Grizzlies,5,16.3,0.643,0.5,0.083,4.4,20.4,12.3,17.0,0.7,2.9,13.9,16.6,0.2,0.1,0.3,0.105,1.5,-1.3,0.2,0.1,MEM,1.6400000000000001,Memphis Grizzlies,2.0,0.4,9.5,5.0,0
Nickeil Alexander-Walker,Minnesota Timberwolves,4,16.2,0.835,0.714,0.19,4.0,7.5,5.8,15.9,0.6,0.0,14.9,13.4,0.3,0.0,0.3,0.162,3.5,-0.4,3.1,0.1,MIN,2.0500000000000003,Minnesota Timberwolves,2.0,0.5,9.5,4.0,0
Jarrett Allen,Cleveland Cavaliers,5,29.8,0.817,0.0,0.605,9.8,33.5,22.6,5.6,1.3,5.6,6.8,17.5,0.8,0.3,1.1,0.37,5.5,1.4,6.9,0.3,CLE,4.92,Cleveland Cavaliers,5.0,1.0,1.0,5.0,0
Kyle Anderson,Golden State Warriors,5,17.9,0.421,0.545,0.182,9.9,15.3,12.6,20.0,5.9,2.4,7.8,14.5,0.1,0.3,0.3,0.226,-0.3,4.6,4.3,0.1,GSW,1.6400000000000001,Golden State Warriors,4.0,0.8,1.5,5.0,0
Giannis Antetokounmpo,Milwaukee Bucks,4,25.2,0.621,0.042,0.69,3.3,31.3,18.1,35.2,0.3,1.4,15.5,34.0,0.3,0.1,0.4,0.133,2.8,-0.1,2.7,0.2,MIL,4.1000000000000005,Milwaukee Bucks,1.0,0.25,13.5,4.0,0
Deandre Ayton,Portland Trail Blazers,5,16.2,0.527,0.09,0.045,10.1,29.2,19.5,6.3,0.9,2.3,8.1,18.7,0.1,0.2,0.3,0.101,-0.1,-1.2,-1.3,0.0,POR,0.0,Portland Trail Blazers,2.0,0.4,9.5,5.0,0
Marvin Bagley III,Washington Wizards,4,25.4,0.581,0.2,0.467,26.8,33.4,30.0,6.2,0.0,3.6,14.2,30.3,0.1,0.0,0.1,0.113,3.2,-4.1,-0.9,0.0,WAS,0.0,Washington Wizards,2.0,0.5,8.0,4.0,0
Patrick Baldwin Jr.,Washington Wizards,3,19.9,0.55,0.3,0.0,6.7,22.0,14.0,11.3,0.0,6.3,0.0,25.2,0.0,0.0,0.0,0.095,1.8,-1.2,0.5,0.0,WAS,0.0,Washington Wizards,2.0,0.5,8.0,4.0,0
LaMelo Ball,Charlotte Hornets,4,21.2,0.613,0.585,0.305,3.1,16.0,9.4,35.2,1.8,1.3,19.8,34.2,0.3,0.0,0.4,0.134,3.9,-1.9,2.0,0.1,CHH,2.0500000000000003,Charlotte Hornets,2.0,0.5,8.0,4.0,0
Paolo Banchero,Orlando Magic,5,25.0,0.59,0.33,0.608,7.1,19.2,13.1,28.9,0.8,2.1,8.2,31.4,0.6,0.2,0.8,0.219,5.3,-0.8,4.5,0.3,ORL,4.92,Orlando Magic,3.0,0.6,3.5,5.0,0
Desmond Bane,Memphis Grizzlies,5,19.6,0.608,0.444,0.167,3.9,17.5,10.6,16.7,1.7,2.3,10.4,26.1,0.2,0.1,0.3,0.116,2.5,-1.3,1.2,0.1,MEM,1.6400000000000001,Memphis Grizzlies,2.0,0.4,9.5,5.0,0
Harrison Barnes,San Antonio Spurs,4,15.2,0.704,0.387,0.226,5.7,6.9,6.4,5.6,0.9,0.8,8.1,13.8,0.3,0.1,0.3,0.144,1.7,-1.7,0.0,0.1,SAS,2.0500000000000003,San Antonio Spurs,1.0,0.25,14.0,4.0,0
Scottie Barnes,Toronto Raptors,4,17.2,0.527,0.175,0.365,8.5,17.9,13.2,27.4,2.9,1.3,18.0,26.8,0.0,0.1,0.1,0.036,0.4,-0.1,0.4,0.1,TOR,2.0500000000000003,Toronto Raptors,1.0,0.2,13.5,5.0,0
RJ Barrett,Toronto Raptors,2,20.8,0.576,0.308,0.308,3.7,12.9,8.3,31.5,1.5,0.0,10.1,32.0,0.1,0.0,0.1,0.1,2.3,-2.5,-0.2,0.0,TOR,0.0,Toronto Raptors,1.0,0.2,13.5,5.0,0
Charles Bassey,San Antonio Spurs,1,21.9,0.0,0.0,0.0,0.0,16.6,8.7,21.3,8.2,15.6,0.0,0.0,0.0,0.0,0.0,0.261,1.9,11.5,13.5,0.0,SAS,0.0,San Antonio Spurs,1.0,0.25,14.0,4.0,0
Bradley Beal,Phoenix Suns,3,16.5,0.627,0.475,0.175,0.0,6.8,3.6,21.1,2.2,2.4,10.4,20.0,0.2,0.1,0.3,0.136,0.9,0.6,1.6,0.1,PHO,2.7333333333333334,Phoenix Suns,3.0,0.75,4.0,4.0,0
Reece Beekman,Golden State Warriors,2,42.7,1.0,0.0,0.0,25.9,0.0,12.8,36.6,12.0,0.0,0.0,10.3,0.0,0.0,0.1,0.648,10.5,15.4,25.9,0.0,GSW,0.0,Golden State Warriors,4.0,0.8,1.5,5.0,0
Adem Bona,Philadelphia 76Ers,3,17.6,1.0,0.0,0.0,14.4,0.0,7.9,0.0,0.0,14.8,0.0,6.0,0.0,0.0,0.0,0.222,-1.6,2.2,0.5,0.0,,0.0,,,,,,0
Devin Booker,Phoenix Suns,4,17.5,0.609,0.477,0.369,2.5,5.9,4.3,20.0,1.4,1.2,10.6,26.6,0.3,0.1,0.4,0.131,1.7,-1.1,0.7,0.1,PHO,2.0500000000000003,Phoenix Suns,3.0,0.75,4.0,4.0,0
Chris Boucher,Toronto Raptors,5,15.2,0.497,0.5,0.316,5.3,22.6,14.0,5.0,1.7,7.3,6.5,21.7,0.0,0.1,0.1,0.054,-0.9,-1.4,-2.3,0.0,TOR,0.0,Toronto Raptors,1.0,0.2,13.5,5.0,0
Malaki Branham,San Antonio Spurs,4,22.2,0.726,0.414,0.103,0.0,14.2,7.5,11.2,0.9,3.3,16.5,27.7,0.1,0.1,0.1,0.116,6.4,-0.1,6.3,0.1,SAS,2.0500000000000003,San Antonio Spurs,1.0,0.25,14.0,4.0,0
Mikal Bridges,New York Knicks,4,18.3,0.618,0.446,0.125,5.1,3.2,4.1,16.2,1.7,2.2,7.8,19.7,0.4,0.0,0.4,0.132,2.5,-1.1,1.4,0.1,NYK,2.0500000000000003,New York Knicks,2.0,0.5,8.0,4.0,0
Jaylen Brown,Boston Celtics,5,18.4,0.507,0.351,0.333,4.2,20.0,11.7,15.9,2.2,1.0,8.6,33.0,0.1,0.2,0.3,0.092,-1.4,-1.7,-3.1,0.0,BOS,0.0,Boston Celtics,4.0,0.8,2.0,5.0,0
Jalen Brunson,New York Knicks,4,19.7,0.537,0.24,0.293,2.0,8.3,5.2,29.4,0.0,0.0,7.6,32.6,0.3,0.0,0.2,0.088,2.0,-4.1,-2.2,0.0,NYK,0.0,New York Knicks,2.0,0.5,8.0,4.0,0
Thomas Bryant,Miami Heat,4,17.6,0.803,0.615,0.231,3.8,12.8,8.4,11.5,0.9,3.6,6.5,12.3,0.2,0.0,0.2,0.188,0.8,0.3,1.1,0.0,MIA,0.0,Miami Heat,2.0,0.5,8.0,4.0,0
Jared Butler,Washington Wizards,3,21.1,0.581,0.167,0.333,0.0,11.7,5.6,35.1,3.1,3.4,6.8,19.8,0.1,0.0,0.1,0.173,2.8,2.7,5.5,0.1,WAS,2.7333333333333334,Washington Wizards,2.0,0.5,8.0,4.0,0
Jimmy Butler,Miami Heat,4,21.7,0.578,0.186,0.791,8.0,7.7,7.8,29.4,3.4,1.5,9.4,21.4,0.4,0.1,0.5,0.193,1.2,1.2,2.5,0.2,MIA,4.1000000000000005,Miami Heat,2.0,0.5,8.0,4.0,0
Clint Capela,Atlanta Hawks,5,17.1,0.7,0.0,0.393,8.0,24.7,16.4,8.3,1.7,4.5,17.6,14.7,0.2,0.1,0.2,0.107,-0.7,-1.2,-1.9,0.0,ATL,0.0,Atlanta Hawks,2.0,0.4,8.0,5.0,0
Ulrich Chomche,Toronto Raptors,1,16.7,1.0,0.0,0.0,0.0,22.9,11.4,0.0,0.0,0.0,0.0,8.1,0.0,0.0,0.0,0.114,2.6,-2.3,0.3,0.0,TOR,0.0,Toronto Raptors,1.0,0.2,13.5,5.0,0
Nic Claxton,Brooklyn Nets,4,23.1,0.722,0.0,0.261,11.1,36.5,23.5,11.3,1.2,8.0,7.2,14.1,0.3,0.1,0.4,0.237,1.5,1.9,3.4,0.1,BKN,2.0500000000000003,Brooklyn Nets,2.0,0.4,8.0,5.0,0
Donovan Clingan,Portland Trail Blazers,5,21.6,0.676,0.063,0.25,19.5,28.4,23.9,0.0,1.5,13.3,18.4,14.1,0.1,0.1,0.3,0.195,-1.3,2.0,0.7,0.0,POR,0.0,Portland Trail Blazers,2.0,0.4,9.5,5.0,0
John Collins,Utah Jazz,4,18.0,0.524,0.314,0.235,10.2,19.8,14.8,17.8,2.2,4.2,13.8,31.1,0.0,0.1,0.1,0.038,-1.0,0.3,-0.7,0.0,UTA,0.0,Utah Jazz,0.0,0.0,15.0,,0
Zach Collins,San Antonio Spurs,4,19.7,0.691,0.357,0.429,13.5,22.7,18.3,13.3,2.6,1.6,15.3,14.7,0.2,0.1,0.3,0.227,1.9,1.5,3.5,0.1,SAS,2.0500000000000003,San Antonio Spurs,1.0,0.25,14.0,4.0,0
Bilal Coulibaly,Washington Wizards,4,18.4,0.722,0.432,0.409,6.3,12.9,9.5,12.0,2.0,0.7,16.1,18.3,0.3,0.0,0.4,0.135,1.3,-0.9,0.4,0.1,WAS,2.0500000000000003,Washington Wizards,2.0,0.5,8.0,4.0,0
Cade Cunningham,Detroit Pistons,5,18.8,0.575,0.343,0.206,2.5,15.0,8.7,38.2,1.4,3.4,20.1,32.7,0.1,0.2,0.2,0.065,2.9,-1.0,1.9,0.2,DET,3.2800000000000002,Detroit Pistons,1.0,0.2,13.5,5.0,0
Stephen Curry,Golden State Warriors,3,22.0,0.606,0.659,0.244,0.0,20.6,10.4,35.3,3.6,1.1,19.5,29.3,0.1,0.2,0.4,0.238,3.4,2.4,5.8,0.2,GSW,5.466666666666667,Golden State Warriors,4.0,0.8,1.5,5.0,0
Anthony Davis,Los Angeles Lakers,5,30.6,0.622,0.082,0.608,8.3,32.3,20.0,14.7,2.1,5.6,8.2,31.5,0.7,0.2,0.9,0.236,6.8,0.9,7.7,0.4,LAL,6.5600000000000005,Los Angeles Lakers,3.0,0.6,4.0,5.0,0
DeMar DeRozan,Sacramento Kings,4,22.0,0.642,0.121,0.534,2.4,9.6,6.2,16.4,2.6,0.7,7.7,23.0,0.5,0.2,0.7,0.211,2.1,0.2,2.3,0.2,SAC,4.1000000000000005,Sacramento Kings,2.0,0.5,9.5,4.0,0
Gradey Dick,Toronto Raptors,5,15.5,0.616,0.471,0.279,2.2,3.0,2.6,7.9,1.5,1.7,7.3,21.4,0.4,-0.1,0.3,0.098,0.6,-2.3,-1.7,0.0,TOR,0.0,Toronto Raptors,1.0,0.2,13.5,5.0,0
Luka Dončić,Dallas Mavericks,4,17.8,0.477,0.414,0.303,1.9,24.8,12.6,29.9,1.3,2.1,8.9,34.6,0.0,0.2,0.2,0.074,0.9,-1.2,-0.3,0.1,DAL,2.0500000000000003,Dallas Mavericks,3.0,0.75,4.0,4.0,0
Luguentz Dort,Oklahoma City Thunder,4,17.0,0.795,0.679,0.179,4.5,6.1,5.3,3.7,1.3,2.6,3.2,12.1,0.4,0.3,0.6,0.283,1.4,1.2,2.6,0.1,OKC,2.0500000000000003,Oklahoma City Thunder,4.0,1.0,1.5,4.0,0
Andre Drummond,Philadelphia 76Ers,4,16.1,0.52,0.067,0.567,17.9,33.4,24.8,1.5,3.1,2.8,17.6,17.1,0.0,0.2,0.2,0.097,-3.1,-1.1,-4.3,-0.1,,-2.0500000000000003,,,,,,0
Chris Duarte,Chicago Bulls,2,41.4,1.5,1.0,0.0,0.0,0.0,0.0,33.1,0.0,0.0,0.0,13.6,0.0,0.0,0.0,0.399,22.5,4.9,27.3,0.0,CHI,0.0,Chicago Bulls,3.0,0.6,3.5,5.0,0
Kris Dunn,Los Angeles Clippers,4,15.7,0.759,0.5,0.056,3.7,22.8,13.2,15.0,3.4,0.0,21.3,11.5,0.1,0.2,0.3,0.177,-0.9,4.3,3.3,0.1,LAC,2.0500000000000003,Los Angeles Clippers,2.0,0.5,9.5,4.0,0
Ryan Dunn,Phoenix Suns,4,15.2,0.674,0.696,0.0,2.0,10.8,6.7,8.6,0.8,3.0,4.2,18.4,0.1,0.1,0.2,0.14,0.8,0.4,1.2,0.1,PHO,2.0500000000000003,Phoenix Suns,3.0,0.75,4.0,4.0,0
Kevin Durant,Phoenix Suns,4,21.3,0.651,0.293,0.427,0.0,18.5,9.9,13.8,1.2,3.8,12.7,28.9,0.2,0.2,0.5,0.145,2.6,0.5,3.1,0.2,PHO,4.1000000000000005,Phoenix Suns,3.0,0.75,4.0,4.0,0
Jalen Duren,Detroit Pistons,5,19.9,0.792,0.0,0.667,15.0,25.9,20.4,16.8,0.4,4.8,20.5,11.5,0.4,0.1,0.5,0.203,1.1,1.3,2.3,0.1,DET,1.6400000000000001,Detroit Pistons,1.0,0.2,13.5,5.0,0
Tari Eason,Houston Rockets,4,21.6,0.617,0.429,0.095,6.9,13.9,10.2,13.5,6.3,2.5,4.4,13.5,0.2,0.2,0.4,0.267,0.4,6.7,7.2,0.2,HOU,4.1000000000000005,Houston Rockets,2.0,0.5,9.5,4.0,0
Zach Edey,Memphis Grizzlies,5,15.2,0.573,0.088,0.294,13.7,13.9,13.8,3.7,1.1,1.2,5.0,19.4,0.1,0.0,0.2,0.09,-2.2,-3.5,-5.7,-0.1,MEM,-1.6400000000000001,Memphis Grizzlies,2.0,0.4,9.5,5.0,0
Anthony Edwards,Minnesota Timberwolves,4,16.8,0.594,0.589,0.278,0.7,16.6,8.9,16.5,0.6,1.0,13.7,32.6,0.0,0.1,0.2,0.054,1.7,-1.9,-0.2,0.1,MIN,2.0500000000000003,Minnesota Timberwolves,2.0,0.5,9.5,4.0,0
Drew Eubanks,Utah Jazz,2,27.3,0.694,0.5,1.0,19.1,10.4,14.9,48.5,0.0,0.0,0.0,11.5,0.1,0.0,0.1,0.304,11.4,2.5,14.0,0.0,UTA,0.0,Utah Jazz,0.0,0.0,15.0,,0
Adam Flagler,Oklahoma City Thunder,4,37.3,1.5,1.0,0.0,0.0,13.3,6.8,0.0,6.6,0.0,0.0,11.8,0.0,0.0,0.1,0.46,9.1,10.7,19.8,0.0,OKC,0.0,Oklahoma City Thunder,4.0,1.0,1.5,4.0,0
De'Aaron Fox,Sacramento Kings,4,17.2,0.565,0.348,0.232,2.5,11.4,7.2,31.9,2.0,0.0,15.5,27.4,0.1,0.2,0.3,0.1,-0.5,-1.6,-2.1,0.0,SAC,0.0,Sacramento Kings,2.0,0.5,9.5,4.0,0
Daniel Gafford,Dallas Mavericks,4,24.2,0.63,0.0,0.333,16.0,16.7,16.3,13.5,1.2,6.6,6.1,17.7,0.3,0.1,0.4,0.26,2.2,0.2,2.4,0.1,DAL,2.0500000000000003,Dallas Mavericks,3.0,0.75,4.0,4.0,0
Darius Garland,Cleveland Cavaliers,5,19.9,0.639,0.493,0.09,1.0,5.7,3.5,30.6,2.5,1.3,16.7,26.8,0.3,0.2,0.5,0.179,2.4,-0.3,2.1,0.1,CLE,1.6400000000000001,Cleveland Cavaliers,5.0,1.0,1.0,5.0,0
Josh Giddey,Chicago Bulls,5,18.7,0.59,0.304,0.375,5.6,22.7,14.3,32.1,0.6,0.6,14.4,22.2,0.3,0.2,0.5,0.159,2.9,0.4,3.2,0.2,CHI,3.2800000000000002,Chicago Bulls,3.0,0.6,3.5,5.0,0
Shai Gilgeous-Alexander,Oklahoma City Thunder,4,27.7,0.529,0.371,0.236,4.5,17.3,11.0,30.7,3.6,4.3,4.8,33.1,0.3,0.5,0.8,0.28,5.6,4.2,9.8,0.4,OKC,8.200000000000001,Oklahoma City Thunder,4.0,1.0,1.5,4.0,0
Anthony Gill,Washington Wizards,2,20.9,0.5,0.0,0.0,0.0,0.0,0.0,62.7,15.3,0.0,33.3,40.3,0.0,0.0,0.0,-0.125,-2.7,11.0,8.2,0.0,WAS,0.0,Washington Wizards,2.0,0.5,8.0,4.0,0
Collin Gillespie,Phoenix Suns,1,27.2,0.75,0.5,0.0,0.0,0.0,0.0,0.0,0.0,0.0,0.0,30.2,0.0,0.0,0.0,0.149,10.7,-0.6,10.1,0.0,PHO,0.0,Phoenix Suns,3.0,0.75,4.0,4.0,0
Aaron Gordon,Denver Nuggets,4,16.9,0.617,0.244,0.512,9.6,12.8,11.2,14.6,1.4,1.2,13.7,17.5,0.3,0.1,0.4,0.128,1.4,-2.0,-0.6,0.0,DEN,0.0,Denver Nuggets,2.0,0.5,9.5,4.0,0
A.J. Green,Milwaukee Bucks,4,19.1,0.781,1.0,0.2,0.0,6.5,3.5,14.5,1.5,0.0,8.4,16.5,0.1,0.0,0.1,0.183,4.8,-1.0,3.8,0.0,MIL,0.0,Milwaukee Bucks,1.0,0.25,13.5,4.0,0
Jalen Green,Houston Rockets,4,21.5,0.583,0.523,0.273,2.1,9.3,5.5,15.1,1.1,0.6,7.5,31.4,0.4,0.1,0.5,0.18,6.3,-1.1,5.2,0.3,HOU,6.1499999999999995,Houston Rockets,2.0,0.5,9.5,4.0,0
Josh Green,Charlotte Hornets,2,16.1,0.636,0.636,0.0,5.2,8.2,6.7,17.3,1.2,6.6,0.0,11.0,0.1,0.0,0.2,0.188,0.9,0.3,1.3,0.0,CHH,0.0,Charlotte Hornets,2.0,0.5,8.0,4.0,0
Rui Hachimura,Los Angeles Lakers,5,15.3,0.56,0.222,0.238,9.4,15.6,12.4,7.6,1.1,1.2,5.4,18.2,0.3,0.1,0.4,0.101,1.2,-2.2,-1.0,0.0,LAL,0.0,Los Angeles Lakers,3.0,0.6,4.0,5.0,0
James Harden,Los Angeles Clippers,4,16.9,0.514,0.487,0.461,3.0,19.5,11.2,47.6,1.7,0.7,21.5,34.0,-0.1,0.3,0.2,0.069,2.2,0.2,2.5,0.2,LAC,4.1000000000000005,Los Angeles Clippers,2.0,0.5,9.5,4.0,0
Josh Hart,New York Knicks,4,18.4,0.644,0.474,0.421,8.0,26.9,17.7,13.6,1.8,0.0,16.7,17.5,0.3,0.1,0.4,0.133,1.5,-0.2,1.4,0.1,NYK,2.0500000000000003,New York Knicks,2.0,0.5,8.0,4.0,0
Jaxson Hayes,Los Angeles Lakers,5,16.2,0.945,0.0,0.333,10.2,18.4,14.2,12.3,1.2,2.5,26.7,10.1,0.2,0.0,0.3,0.161,-0.2,0.8,0.5,0.1,LAL,1.6400000000000001,Los Angeles Lakers,3.0,0.6,4.0,5.0,0
Tyler Herro,Miami Heat,4,21.8,0.633,0.569,0.185,0.8,14.2,7.7,30.6,1.2,0.8,9.1,26.6,0.3,0.1,0.4,0.157,4.8,-0.9,3.9,0.2,MIA,4.1000000000000005,Miami Heat,2.0,0.5,8.0,4.0,0
Buddy Hield,Golden State Warriors,5,26.8,0.665,0.623,0.078,3.4,11.9,7.7,17.6,2.0,1.5,5.9,29.0,0.5,0.3,0.8,0.308,9.2,0.4,9.6,0.4,GSW,6.5600000000000005,Golden State Warriors,4.0,0.8,1.5,5.0,0
Chet Holmgren,Oklahoma City Thunder,4,27.8,0.661,0.31,0.397,6.9,25.8,16.5,13.8,2.2,10.3,15.0,26.3,0.3,0.5,0.8,0.303,3.3,5.1,8.3,0.3,OKC,6.1499999999999995,Oklahoma City Thunder,4.0,1.0,1.5,4.0,0
Al Horford,Boston Celtics,5,17.0,0.767,0.667,0.0,3.4,17.2,10.0,9.7,1.9,2.2,9.1,11.2,0.4,0.2,0.5,0.192,2.8,1.2,4.0,0.2,BOS,3.2800000000000002,Boston Celtics,4.0,0.8,2.0,5.0,0
Caleb Houstan,Orlando Magic,2,18.1,1.0,1.0,0.0,0.0,10.9,5.4,0.0,0.0,0.0,0.0,12.8,0.0,0.0,0.0,0.203,2.4,-0.4,2.0,0.0,ORL,0.0,Orlando Magic,3.0,0.6,3.5,5.0,0
Kevin Huerter,Sacramento Kings,4,16.7,0.706,0.706,0.0,1.1,11.4,6.5,6.8,1.8,3.7,2.9,14.5,0.2,0.1,0.4,0.171,2.2,0.6,2.8,0.1,SAC,2.0500000000000003,Sacramento Kings,2.0,0.5,9.5,4.0,0
Jay Huff,Memphis Grizzlies,5,22.8,0.823,0.6,0.167,2.4,12.3,7.3,5.2,1.1,8.3,5.8,16.1,0.3,0.1,0.4,0.201,5.1,0.1,5.3,0.2,MEM,3.2800000000000002,Memphis Grizzlies,2.0,0.4,9.5,5.0,0
De'Andre Hunter,Atlanta Hawks,2,19.2,0.606,0.417,0.542,3.8,20.4,12.2,10.3,1.6,1.7,0.0,20.6,0.2,0.0,0.2,0.184,0.7,-2.2,-1.5,0.0,ATL,0.0,Atlanta Hawks,2.0,0.4,8.0,5.0,0
Brandon Ingram,New Orleans Pelicans,5,20.2,0.603,0.33,0.125,4.8,16.6,10.8,23.6,1.2,1.1,11.4,27.3,0.3,0.1,0.4,0.116,3.4,-1.9,1.5,0.1,NOP,1.6400000000000001,New Orleans Pelicans,2.0,0.4,9.5,5.0,0
Kyrie Irving,Dallas Mavericks,4,21.9,0.588,0.342,0.145,3.4,7.7,5.4,24.2,2.4,1.5,6.9,25.7,0.4,0.1,0.5,0.184,4.6,-0.4,4.3,0.2,DAL,4.1000000000000005,Dallas Mavericks,3.0,0.75,4.0,4.0,0
Jonathan Isaac,Orlando Magic,2,20.5,0.511,0.667,0.444,17.2,17.5,17.3,5.9,3.9,7.5,8.5,20.1,0.0,0.1,0.1,0.171,2.5,0.9,3.4,0.0,ORL,0.0,Orlando Magic,3.0,0.6,3.5,5.0,0
Jaden Ivey,Detroit Pistons,5,18.1,0.585,0.35,0.3,5.4,9.5,7.4,18.9,1.8,0.0,11.7,26.3,0.3,0.1,0.4,0.12,1.7,-1.1,0.6,0.1,DET,1.6400000000000001,Detroit Pistons,1.0,0.2,13.5,5.0,0
Andre Jackson Jr.,Milwaukee Bucks,3,18.1,0.667,0.333,0.0,8.7,15.5,12.3,34.2,7.3,0.0,25.0,13.3,0.0,0.0,0.1,0.214,-4.4,8.6,4.2,0.0,MIL,0.0,Milwaukee Bucks,1.0,0.25,13.5,4.0,0
Isaiah Jackson,Indiana Pacers,4,18.4,0.574,0.0,0.6,18.9,14.5,16.6,8.5,2.1,9.8,16.5,19.1,0.1,0.1,0.2,0.114,-2.3,0.7,-1.6,0.0,IND,0.0,Indiana Pacers,2.0,0.4,8.0,5.0,0
Jaren Jackson Jr.,Memphis Grizzlies,3,23.5,0.656,0.237,0.553,4.1,15.4,9.7,4.5,3.1,4.0,9.6,27.8,0.1,0.1,0.2,0.139,2.1,0.2,2.2,0.1,MEM,2.7333333333333334,Memphis Grizzlies,2.0,0.4,9.5,5.0,0
Quenton Jackson,Indiana Pacers,1,43.7,0.532,1.0,2.0,29.2,0.0,14.1,58.7,12.1,0.0,0.0,20.1,0.0,0.0,0.0,0.566,11.1,11.5,22.6,0.0,IND,0.0,Indiana Pacers,2.0,0.4,8.0,5.0,0
Trayce Jackson-Davis,Golden State Warriors,5,22.9,0.775,0.0,0.333,5.4,21.4,13.5,17.7,0.5,2.8,8.8,14.7,0.4,0.2,0.6,0.313,3.3,2.0,5.3,0.2,GSW,3.2800000000000002,Golden State Warriors,4.0,0.8,1.5,5.0,0
LeBron James,Los Angeles Lakers,5,18.1,0.593,0.333,0.333,0.7,23.8,12.0,30.9,0.3,1.8,16.0,26.9,0.2,0.1,0.3,0.075,2.3,-1.1,1.3,0.1,LAL,1.6400000000000001,Los Angeles Lakers,3.0,0.6,4.0,5.0,0
Trey Jemison,New Orleans Pelicans,1,109.8,0.5,0.0,0.0,100.0,0.0,100.0,0.0,0.0,0.0,0.0,84.2,0.0,0.0,0.0,1.062,42.9,-22.7,20.2,0.0,NOP,0.0,New Orleans Pelicans,2.0,0.4,9.5,5.0,0
Ty Jerome,Cleveland Cavaliers,5,33.4,0.767,0.29,0.452,5.3,7.5,6.5,33.0,4.5,0.0,11.9,24.9,0.5,0.1,0.6,0.413,8.5,3.4,11.8,0.3,CLE,4.92,Cleveland Cavaliers,5.0,1.0,1.0,5.0,0
James Johnson,Indiana Pacers,1,22.4,1.0,0.0,0.0,0.0,0.0,0.0,41.5,0.0,23.9,50.0,21.4,0.0,0.0,0.0,0.006,2.9,9.2,12.1,0.0,IND,0.0,Indiana Pacers,2.0,0.4,8.0,5.0,0
Nikola Jokić,Denver Nuggets,4,33.6,0.671,0.244,0.329,10.9,22.9,16.8,46.9,1.6,2.8,11.3,29.3,0.8,0.2,1.0,0.305,11.8,2.3,14.1,0.6,DEN,12.299999999999999,Denver Nuggets,2.0,0.5,9.5,4.0,0
Kai Jones,Los Angeles Clippers,4,19.4,0.637,0.0,0.625,16.9,17.2,17.0,7.5,0.0,7.9,0.0,11.4,0.1,0.1,0.2,0.253,1.3,0.9,2.1,0.0,LAC,0.0,Los Angeles Clippers,2.0,0.5,9.5,4.0,0
Tyus Jones,Phoenix Suns,4,16.5,0.59,0.485,0.061,1.9,10.7,6.6,27.9,2.6,1.4,8.1,12.9,0.3,0.2,0.5,0.168,1.4,2.0,3.4,0.2,PHO,4.1000000000000005,Phoenix Suns,3.0,0.75,4.0,4.0,0
Walker Kessler,Utah Jazz,4,20.7,0.678,0.0,0.318,13.5,26.4,19.7,9.8,1.8,8.3,16.6,11.4,0.2,0.2,0.3,0.153,-0.3,1.6,1.3,0.1,UTA,2.0500000000000003,Utah Jazz,0.0,0.0,15.0,,0
Jock Landale,Houston Rockets,3,25.2,0.705,0.091,0.364,12.3,13.8,13.0,11.2,0.0,0.0,0.0,16.7,0.2,0.0,0.2,0.303,6.7,-0.9,5.8,0.1,HOU,2.7333333333333334,Houston Rockets,2.0,0.5,9.5,4.0,0
Pelle Larsson,Miami Heat,1,20.9,1.0,0.0,0.0,0.0,0.0,0.0,0.0,8.4,0.0,0.0,7.5,0.0,0.0,0.0,0.198,-0.8,5.9,5.0,0.0,MIA,0.0,Miami Heat,2.0,0.5,8.0,4.0,0
Zach LaVine,Chicago Bulls,5,16.1,0.661,0.513,0.329,1.1,16.0,8.7,13.0,1.0,1.4,18.7,24.9,0.1,0.3,0.3,0.091,0.6,-0.9,-0.3,0.1,CHI,1.6400000000000001,Chicago Bulls,3.0,0.6,3.5,5.0,0
Caris LeVert,Cleveland Cavaliers,5,24.9,0.81,0.438,0.313,2.4,6.1,4.4,22.7,2.6,2.5,7.6,15.8,0.5,0.2,0.7,0.318,6.3,2.5,8.7,0.3,CLE,4.92,Cleveland Cavaliers,5.0,1.0,1.0,5.0,0
Damian Lillard,Milwaukee Bucks,4,25.1,0.658,0.574,0.574,4.0,13.5,9.0,29.2,0.7,0.7,13.2,29.8,0.6,0.0,0.6,0.199,5.7,-2.5,3.2,0.2,MIL,4.1000000000000005,Milwaukee Bucks,1.0,0.25,13.5,4.0,0
Dereck Lively II,Dallas Mavericks,4,22.7,0.723,0.0,0.391,14.0,21.1,17.3,16.5,2.4,4.0,12.9,12.6,0.4,0.2,0.5,0.256,1.6,1.4,3.0,0.1,DAL,2.0500000000000003,Dallas Mavericks,3.0,0.75,4.0,4.0,0
Kevon Looney,Golden State Warriors,5,22.2,0.509,0.0,0.348,28.6,25.4,27.0,15.0,3.8,3.5,15.9,17.0,0.2,0.3,0.5,0.292,-0.6,1.3,0.7,0.1,GSW,1.6400000000000001,Golden State Warriors,4.0,0.8,1.5,5.0,0
Kyle Lowry,Philadelphia 76Ers,4,18.3,0.784,0.789,0.474,0.0,12.5,5.6,21.3,3.3,1.2,11.6,12.2,0.3,0.1,0.4,0.219,1.6,2.6,4.2,0.1,,2.0500000000000003,,,,,,0
Tre Mann,Charlotte Hornets,4,19.5,0.583,0.431,0.185,5.5,8.6,7.0,19.2,1.7,1.5,11.4,27.9,0.3,0.0,0.3,0.137,2.1,-2.4,-0.3,0.0,CHH,0.0,Charlotte Hornets,2.0,0.5,8.0,4.0,0
Lauri Markkanen,Utah Jazz,4,16.8,0.564,0.385,0.519,6.7,19.1,12.7,11.3,0.4,0.0,9.9,24.9,0.2,0.0,0.2,0.084,2.1,-2.6,-0.5,0.0,UTA,0.0,Utah Jazz,0.0,0.0,15.0,,0
Cody Martin,Charlotte Hornets,4,16.9,0.666,0.613,0.258,7.4,14.3,10.8,8.8,1.0,1.8,5.5,14.8,0.3,0.0,0.3,0.169,1.0,-1.6,-0.6,0.0,CHH,0.0,Charlotte Hornets,2.0,0.5,8.0,4.0,0
Jaylen Martin,Brooklyn Nets,2,34.7,1.5,1.0,0.0,0.0,0.0,0.0,0.0,0.0,0.0,0.0,14.3,0.0,0.0,0.0,0.196,16.4,3.7,20.2,0.0,BKN,0.0,Brooklyn Nets,2.0,0.4,8.0,5.0,0
Bennedict Mathurin,Indiana Pacers,5,16.9,0.689,0.4,0.622,4.5,15.3,10.1,9.4,0.4,0.0,14.9,22.4,0.3,0.0,0.3,0.114,1.0,-2.9,-1.8,0.0,IND,0.0,Indiana Pacers,2.0,0.4,8.0,5.0,0
Karlo Matković,New Orleans Pelicans,2,23.8,1.0,0.0,0.0,66.4,21.5,43.6,0.0,0.0,18.3,66.7,25.3,0.0,0.0,0.0,-0.08,-3.1,-4.7,-7.8,0.0,NOP,0.0,New Orleans Pelicans,2.0,0.4,9.5,5.0,0
Tyrese Maxey,Philadelphia 76Ers,4,17.5,0.493,0.432,0.342,0.0,11.1,5.0,22.0,1.5,1.9,5.9,34.1,0.1,0.1,0.2,0.062,2.3,-1.5,0.8,0.1,,2.0500000000000003,,,,,,0
Miles McBride,New York Knicks,4,18.7,0.746,0.529,0.147,2.5,7.0,4.8,14.7,1.0,1.1,14.2,19.0,0.3,0.0,0.3,0.144,3.8,-1.4,2.4,0.1,NYK,2.0500000000000003,New York Knicks,2.0,0.5,8.0,4.0,0
CJ McCollum,New Orleans Pelicans,4,16.7,0.554,0.523,0.092,0.8,10.2,5.6,19.9,3.2,2.7,10.6,23.3,0.1,0.1,0.2,0.074,1.2,-0.2,1.0,0.1,NOP,2.0500000000000003,New Orleans Pelicans,2.0,0.4,9.5,5.0,0
T.J. McConnell,Indiana Pacers,5,16.6,0.556,0.028,0.056,2.9,12.2,7.7,34.7,2.4,0.0,17.8,23.7,0.0,0.0,0.1,0.034,-0.8,-1.3,-2.1,0.0,IND,0.0,Indiana Pacers,2.0,0.4,8.0,5.0,0
Brandon Miller,Charlotte Hornets,1,20.6,0.676,0.5,0.25,9.5,0.0,4.9,13.6,4.4,0.0,18.4,19.8,0.0,0.0,0.0,0.145,5.2,0.5,5.7,0.0,CHH,0.0,Charlotte Hornets,2.0,0.5,8.0,4.0,0
Yves Missi,New Orleans Pelicans,5,16.5,0.498,0.0,0.5,12.3,16.3,14.3,13.6,1.5,8.3,10.5,16.2,0.1,0.1,0.2,0.094,-1.7,0.0,-1.8,0.0,NOP,0.0,New Orleans Pelicans,2.0,0.4,9.5,5.0,0
Donovan Mitchell,Cleveland Cavaliers,5,22.4,0.608,0.467,0.2,2.5,7.3,5.1,24.3,3.1,0.6,13.3,32.3,0.3,0.2,0.5,0.167,2.2,-0.4,1.8,0.1,CLE,1.6400000000000001,Cleveland Cavaliers,5.0,1.0,1.0,5.0,0
Evan Mobley,Cleveland Cavaliers,5,23.2,0.641,0.119,0.269,6.2,25.5,16.6,10.5,1.9,6.1,12.8,25.4,0.3,0.3,0.7,0.214,-0.1,1.6,1.5,0.1,CLE,1.6400000000000001,Cleveland Cavaliers,5.0,1.0,1.0,5.0,0
Jonathan Mogbo,Toronto Raptors,5,21.0,0.621,0.167,0.625,11.0,15.2,13.1,15.0,3.5,5.4,14.0,17.3,0.2,0.1,0.3,0.16,1.8,1.3,3.1,0.1,TOR,1.6400000000000001,Toronto Raptors,1.0,0.2,13.5,5.0,0
Malik Monk,Sacramento Kings,4,15.3,0.563,0.55,0.25,0.0,13.3,7.0,17.2,1.0,2.0,4.3,20.6,0.1,0.1,0.3,0.124,0.6,-1.1,-0.5,0.0,SAC,0.0,Sacramento Kings,2.0,0.5,9.5,4.0,0
Ja Morant,Memphis Grizzlies,4,16.6,0.541,0.316,0.526,1.9,12.9,7.4,46.2,0.4,0.9,19.5,32.9,0.1,0.0,0.1,0.032,0.6,-4.0,-3.4,0.0,MEM,0.0,Memphis Grizzlies,2.0,0.4,9.5,5.0,0
Monte Morris,Phoenix Suns,4,20.0,0.567,0.6,0.533,5.4,9.4,7.5,27.0,3.3,0.0,5.1,19.6,0.1,0.1,0.2,0.206,2.5,1.8,4.3,0.1,PHO,2.0500000000000003,Phoenix Suns,3.0,0.75,4.0,4.0,0
Dejounte Murray,New Orleans Pelicans,1,17.0,0.387,0.2,0.467,0.0,28.7,14.5,50.0,1.6,0.0,5.2,26.8,0.0,0.0,0.0,0.061,-3.4,-1.6,-5.0,0.0,NOP,0.0,New Orleans Pelicans,2.0,0.4,9.5,5.0,0
Larry Nance Jr.,Atlanta Hawks,2,25.1,0.85,0.5,0.0,11.2,0.0,5.5,22.5,3.1,3.3,9.1,15.0,0.1,0.0,0.1,0.232,6.6,0.2,6.8,0.1,ATL,4.1000000000000005,Atlanta Hawks,2.0,0.4,8.0,5.0,0
Onyeka Okongwu,Atlanta Hawks,4,19.0,0.661,0.25,0.469,7.7,16.1,11.9,10.6,0.9,3.0,4.9,16.3,0.3,0.0,0.3,0.158,2.3,-2.1,0.3,0.1,ATL,2.0500000000000003,Atlanta Hawks,2.0,0.4,8.0,5.0,0
Gary Payton II,Golden State Warriors,5,20.9,0.666,0.294,0.235,7.4,5.4,6.4,16.6,4.3,1.6,9.6,15.2,0.2,0.1,0.3,0.287,0.8,3.5,4.3,0.1,GSW,1.6400000000000001,Golden State Warriors,4.0,0.8,1.5,5.0,0
Scotty Pippen Jr.,Memphis Grizzlies,5,16.0,0.57,0.308,0.231,3.4,9.6,6.5,41.6,2.7,2.5,21.8,18.3,0.2,0.1,0.2,0.099,-0.5,-0.3,-0.8,0.0,MEM,0.0,Memphis Grizzlies,2.0,0.4,9.5,5.0,0
Jakob Poeltl,Toronto Raptors,5,17.0,0.6,0.0,0.34,14.4,31.0,22.7,10.9,0.9,3.4,18.4,17.9,0.2,0.1,0.3,0.078,-1.4,-1.7,-3.1,0.0,TOR,0.0,Toronto Raptors,1.0,0.2,13.5,5.0,0
Jordan Poole,Washington Wizards,4,23.3,0.68,0.583,0.233,1.8,3.9,2.8,31.3,4.5,0.8,16.4,26.4,0.3,0.1,0.4,0.174,5.6,1.1,6.7,0.3,WAS,6.1499999999999995,Washington Wizards,2.0,0.5,8.0,4.0,0
Dwight Powell,Dallas Mavericks,3,24.1,1.0,0.0,0.0,24.0,0.0,12.7,0.0,0.0,0.0,0.0,10.4,0.0,0.0,0.0,0.299,2.0,-3.5,-1.5,0.0,DAL,0.0,Dallas Mavericks,3.0,0.75,4.0,4.0,0
Norman Powell,Los Angeles Clippers,4,21.0,0.645,0.473,0.203,1.6,8.8,5.2,7.9,0.7,1.5,5.8,26.6,0.4,0.2,0.5,0.192,6.2,-0.6,5.6,0.3,LAC,6.1499999999999995,Los Angeles Clippers,2.0,0.5,9.5,4.0,0
Payton Pritchard,Boston Celtics,5,19.5,0.679,0.86,0.105,3.9,9.5,6.6,13.7,1.4,0.0,6.3,19.6,0.5,0.1,0.6,0.215,4.2,-1.0,3.2,0.2,BOS,3.2800000000000002,Boston Celtics,4.0,0.8,2.0,5.0,0
Neemias Queta,Boston Celtics,4,21.9,0.643,0.1,0.2,26.0,29.0,27.4,4.4,0.0,2.7,8.4,15.3,0.1,0.0,0.2,0.264,0.4,-2.5,-2.0,0.0,BOS,0.0,Boston Celtics,4.0,0.8,2.0,5.0,0
Immanuel Quickley,Toronto Raptors,1,25.4,0.604,0.444,0.444,0.0,16.4,8.2,49.0,3.4,0.0,15.7,36.7,0.0,0.0,0.1,0.174,5.5,-0.5,5.0,0.0,TOR,0.0,Toronto Raptors,1.0,0.2,13.5,5.0,0
Julius Randle,Minnesota Timberwolves,4,22.4,0.713,0.286,0.375,6.6,17.0,12.0,25.5,0.7,0.0,15.5,24.1,0.5,0.1,0.6,0.208,4.3,-0.1,4.2,0.2,MIN,4.1000000000000005,Minnesota Timberwolves,2.0,0.5,9.5,4.0,0
Austin Reaves,Los Angeles Lakers,5,16.4,0.653,0.492,0.203,5.4,15.5,10.3,20.5,1.7,1.2,18.9,19.5,0.3,0.1,0.3,0.094,2.0,-0.5,1.6,0.2,LAL,3.2800000000000002,Los Angeles Lakers,3.0,0.6,4.0,5.0,0
Alex Reese,Oklahoma City Thunder,1,53.8,1.0,0.0,0.0,48.2,0.0,23.6,0.0,0.0,0.0,0.0,20.7,0.0,0.0,0.0,0.628,21.2,-4.0,17.2,0.0,OKC,0.0,Oklahoma City Thunder,4.0,1.0,1.5,4.0,0
Naz Reid,Minnesota Timberwolves,4,17.6,0.71,0.545,0.394,2.3,30.4,16.8,11.1,0.5,0.8,17.1,20.4,0.2,0.1,0.3,0.155,1.1,0.5,1.6,0.1,MIN,2.0500000000000003,Minnesota Timberwolves,2.0,0.5,9.5,4.0,0
Nick Richards,Charlotte Hornets,4,22.5,0.662,0.031,0.625,16.3,25.0,20.6,9.7,0.8,7.2,12.8,15.4,0.4,0.1,0.5,0.187,0.6,-0.6,0.0,0.1,CHH,2.0500000000000003,Charlotte Hornets,2.0,0.5,8.0,4.0,0
Jeremiah Robinson-Earl,New Orleans Pelicans,5,16.4,0.883,0.5,0.3,6.8,13.2,10.0,12.4,1.0,0.0,20.9,12.3,0.1,0.0,0.2,0.15,1.4,-0.9,0.5,0.0,NOP,0.0,New Orleans Pelicans,2.0,0.4,9.5,5.0,0
David Roddy,Atlanta Hawks,3,19.0,0.755,0.368,0.579,3.1,20.1,11.7,12.9,2.0,1.4,14.4,16.1,0.2,0.0,0.2,0.148,2.4,-0.7,1.6,0.1,ATL,2.7333333333333334,Atlanta Hawks,2.0,0.4,8.0,5.0,0
Terry Rozier,Miami Heat,4,16.0,0.594,0.579,0.211,0.0,15.6,7.9,23.4,1.1,1.5,12.6,24.2,0.1,0.1,0.2,0.084,0.4,-1.1,-0.7,0.0,MIA,0.0,Miami Heat,2.0,0.5,8.0,4.0,0
Rayan Rupert,Portland Trail Blazers,4,19.9,0.751,0.2,0.3,7.9,10.8,9.3,8.3,4.9,0.0,15.0,13.9,0.1,0.1,0.2,0.191,0.8,3.9,4.7,0.1,POR,2.0500000000000003,Portland Trail Blazers,2.0,0.4,9.5,5.0,0
Domantas Sabonis,Sacramento Kings,4,26.0,0.758,0.208,0.472,7.5,26.5,17.4,24.2,1.0,1.4,15.8,23.0,0.6,0.2,0.8,0.279,5.2,1.0,6.2,0.3,SAC,6.1499999999999995,Sacramento Kings,2.0,0.5,9.5,4.0,0
Marcus Sasser,Detroit Pistons,2,38.1,1.0,0.0,0.0,22.5,22.9,22.7,67.6,0.0,0.0,0.0,8.6,0.1,0.0,0.1,0.522,16.3,4.4,20.7,0.0,DET,0.0,Detroit Pistons,1.0,0.2,13.5,5.0,0
Dennis Schröder,Brooklyn Nets,5,23.2,0.723,0.507,0.307,0.0,6.9,3.4,38.5,1.1,0.0,14.1,24.0,0.8,0.0,0.8,0.226,6.2,-1.9,4.3,0.3,BKN,4.92,Brooklyn Nets,2.0,0.4,8.0,5.0,0
Alperen Sengun,Houston Rockets,4,19.3,0.461,0.14,0.281,14.2,30.9,22.1,20.2,3.4,1.5,12.3,26.0,0.0,0.3,0.3,0.135,-0.2,1.5,1.3,0.1,HOU,2.0500000000000003,Houston Rockets,2.0,0.5,9.5,4.0,0
Pascal Siakam,Indiana Pacers,5,22.6,0.628,0.32,0.213,8.4,17.1,12.9,25.7,1.2,0.6,7.9,22.8,0.5,0.1,0.6,0.179,5.7,-1.0,4.7,0.3,IND,4.92,Indiana Pacers,2.0,0.4,8.0,5.0,0
Jalen Smith,Chicago Bulls,4,28.6,0.706,0.538,0.577,14.2,25.5,20.0,6.2,1.6,0.0,3.0,24.9,0.3,0.1,0.4,0.322,7.2,-0.9,6.3,0.1,CHI,2.0500000000000003,Chicago Bulls,3.0,0.6,3.5,5.0,0
Tyler Smith,Milwaukee Bucks,4,24.1,0.7,0.6,0.0,11.4,20.2,16.0,0.0,0.0,0.0,0.0,21.6,0.0,0.0,0.0,0.183,4.6,-3.8,0.8,0.0,MIL,0.0,Milwaukee Bucks,1.0,0.25,13.5,4.0,0
Jeremy Sochan,San Antonio Spurs,4,17.5,0.545,0.083,0.3,11.1,17.7,14.6,18.4,1.1,0.7,12.8,25.8,0.1,0.1,0.3,0.099,0.2,-1.4,-1.2,0.0,SAS,0.0,San Antonio Spurs,1.0,0.25,14.0,4.0,0
Pat Spencer,Golden State Warriors,2,33.7,0.667,0.0,0.0,0.0,0.0,0.0,57.7,0.0,0.0,0.0,30.8,0.0,0.0,0.0,0.347,6.7,-2.1,4.5,0.0,GSW,0.0,Golden State Warriors,4.0,0.8,1.5,5.0,0
Jalen Suggs,Orlando Magic,5,21.5,0.635,0.667,0.233,0.8,19.4,10.0,24.9,3.9,2.8,15.4,24.7,0.2,0.3,0.5,0.182,2.9,2.5,5.4,0.3,ORL,4.92,Orlando Magic,3.0,0.6,3.5,5.0,0
Jayson Tatum,Boston Celtics,5,28.4,0.627,0.581,0.333,2.4,20.9,11.2,24.9,2.7,1.5,7.0,31.0,0.8,0.3,1.1,0.285,7.5,1.6,9.1,0.5,BOS,8.200000000000001,Boston Celtics,4.0,0.8,2.0,5.0,0
Cam Thomas,Brooklyn Nets,5,19.5,0.587,0.404,0.404,2.7,11.8,7.1,12.6,1.7,0.0,9.3,31.3,0.3,0.1,0.4,0.109,1.4,-2.5,-1.1,0.1,BKN,1.6400000000000001,Brooklyn Nets,2.0,0.4,8.0,5.0,0
Klay Thompson,Dallas Mavericks,4,17.6,0.631,0.784,0.059,3.3,9.3,6.1,6.3,2.1,0.0,3.7,19.4,0.3,0.1,0.4,0.161,3.5,-1.2,2.3,0.1,DAL,2.0500000000000003,Dallas Mavericks,3.0,0.75,4.0,4.0,0
Obi Toppin,Indiana Pacers,5,19.3,0.667,0.432,0.351,6.6,9.3,8.0,14.2,1.8,1.8,10.5,19.3,0.3,0.0,0.3,0.151,3.2,-0.8,2.4,0.1,IND,1.6400000000000001,Indiana Pacers,2.0,0.4,8.0,5.0,0
Karl-Anthony Towns,New York Knicks,4,28.6,0.723,0.208,0.396,7.9,34.5,21.6,10.1,0.8,1.7,7.4,24.1,0.7,0.1,0.8,0.286,5.9,-0.6,5.3,0.2,NYK,4.1000000000000005,New York Knicks,2.0,0.5,8.0,4.0,0
Jonas Valančiūnas,Washington Wizards,4,22.0,0.681,0.054,0.297,11.0,27.9,19.1,22.6,0.5,0.0,19.3,23.7,0.2,0.0,0.2,0.131,2.3,-1.1,1.3,0.1,WAS,2.0500000000000003,Washington Wizards,2.0,0.5,8.0,4.0,0
Nikola Vučević,Chicago Bulls,5,19.0,0.611,0.316,0.197,8.8,22.5,15.8,16.8,0.3,1.5,10.8,22.8,0.3,0.2,0.6,0.17,1.5,-0.7,0.8,0.1,CHI,1.6400000000000001,Chicago Bulls,3.0,0.6,3.5,5.0,0
Franz Wagner,Orlando Magic,5,22.6,0.638,0.438,0.203,4.1,13.4,8.8,24.1,2.6,1.4,11.4,25.9,0.3,0.2,0.5,0.196,3.2,0.5,3.7,0.2,ORL,3.2800000000000002,Orlando Magic,3.0,0.6,3.5,5.0,0
Moritz Wagner,Orlando Magic,5,19.9,0.685,0.353,0.412,7.1,24.4,15.7,9.6,0.6,2.5,16.6,27.1,0.1,0.1,0.3,0.161,-1.4,-0.9,-2.4,0.0,ORL,0.0,Orlando Magic,3.0,0.6,3.5,5.0,0
Keaton Wallace,Atlanta Hawks,3,20.9,1.025,0.5,0.5,0.0,11.0,5.5,14.8,0.0,0.0,0.0,10.0,0.1,0.0,0.1,0.222,5.4,-1.5,4.0,0.0,ATL,0.0,Atlanta Hawks,2.0,0.4,8.0,5.0,0
Lindy Waters III,Golden State Warriors,5,21.9,0.764,0.708,0.083,4.3,11.1,7.7,14.8,2.0,1.2,0.0,14.0,0.3,0.2,0.5,0.331,3.8,1.1,5.0,0.1,GSW,1.6400000000000001,Golden State Warriors,4.0,0.8,1.5,5.0,0
Victor Wembanyama,San Antonio Spurs,4,15.9,0.525,0.389,0.37,8.2,28.8,19.0,12.4,0.0,8.5,19.3,27.4,-0.1,0.2,0.1,0.042,-2.2,-0.3,-2.4,0.0,SAS,0.0,San Antonio Spurs,1.0,0.25,14.0,4.0,0
Derrick White,Boston Celtics,5,22.5,0.73,0.633,0.217,2.6,10.8,6.5,17.8,1.2,2.7,5.7,17.8,0.8,0.1,0.9,0.269,5.4,0.5,5.9,0.3,BOS,4.92,Boston Celtics,4.0,0.8,2.0,5.0,0
Aaron Wiggins,Oklahoma City Thunder,4,15.5,0.623,0.321,0.071,2.7,14.4,8.7,12.5,1.3,2.6,14.8,19.8,0.0,0.2,0.3,0.178,-2.5,1.4,-1.1,0.0,OKC,0.0,Oklahoma City Thunder,4.0,1.0,1.5,4.0,0
Andrew Wiggins,Golden State Warriors,3,26.9,0.699,0.475,0.125,9.5,17.4,13.5,14.3,0.6,3.5,6.6,24.4,0.3,0.2,0.5,0.325,8.1,0.7,8.8,0.2,GSW,5.466666666666667,Golden State Warriors,4.0,0.8,1.5,5.0,0
Grant Williams,Charlotte Hornets,4,15.4,0.674,0.731,0.385,5.5,8.0,6.7,18.7,2.5,0.9,18.7,15.6,0.3,0.0,0.3,0.135,0.6,-0.5,0.1,0.1,CHH,2.0500000000000003,Charlotte Hornets,2.0,0.5,8.0,4.0,0
Jalen Williams,Oklahoma City Thunder,4,15.9,0.458,0.265,0.206,3.9,17.1,10.6,28.4,2.2,2.2,9.7,27.2,-0.1,0.4,0.3,0.122,-2.5,1.9,-0.7,0.0,OKC,0.0,Oklahoma City Thunder,4.0,1.0,1.5,4.0,0
Jeenathan Williams,Houston Rockets,1,73.6,1.5,1.0,0.0,0.0,100.0,50.4,0.0,0.0,0.0,0.0,20.3,0.0,0.0,0.0,0.538,27.9,13.1,41.1,0.0,HOU,0.0,Houston Rockets,2.0,0.5,9.5,4.0,0
Ziaire Williams,Brooklyn Nets,5,20.7,0.689,0.41,0.179,7.1,14.8,10.9,14.9,2.9,2.9,14.3,21.2,0.2,0.1,0.3,0.164,2.7,1.0,3.6,0.1,BKN,1.6400000000000001,Brooklyn Nets,2.0,0.4,8.0,5.0,0
James Wiseman,Indiana Pacers,1,32.6,0.615,0.25,0.5,0.0,21.9,11.3,0.0,0.0,0.0,0.0,41.8,0.0,0.0,0.0,0.262,5.6,-5.4,0.2,0.0,IND,0.0,Indiana Pacers,2.0,0.4,8.0,5.0,0
Trae Young,Atlanta Hawks,5,21.5,0.586,0.515,0.546,3.5,11.5,7.5,48.9,1.9,1.1,19.4,32.0,0.4,0.0,0.4,0.1,4.2,-3.7,0.5,0.1,ATL,1.6400000000000001,Atlanta Hawks,2.0,0.4,8.0,5.0,0
Ivica Zubac,Los Angeles Clippers,4,19.2,0.567,0.0,0.375,11.3,29.9,20.5,15.9,1.0,2.8,13.3,22.4,0.2,0.3,0.5,0.158,0.2,1.0,1.2,0.1,LAC,2.0500000000000003,Los Angeles Clippers,2.0,0.5,9.5,4.0,0
